Track URI,Track Name,Album Name,Artist Name(s),Release Date,Duration (ms),Popularity,Explicit,Added By,Added At,Genres,Record Label,Danceability,Energy,Key,Loudness,Mode,Speechiness,Acousticness,Instrumentalness,Liveness,Valence,Tempo,Time Signature
spotify:track:7KysI43rsjlhjTeWO6ePUq,"It's Five O'Clock Somewhere","Greatest Hits Volume II","Alan Jackson;Jimmy Buffett",2003-10-09,229800,68,false,vyrvddd99x5ejdq4b7ikuzgst,2023-12-29T17:44:49Z,"country,country christian,classic country,traditional country","Arista Nashville",0.714,0.774,2,-6.713,1,0.0367,0.219,0,0.203,0.887,125.199,4
spotify:track:60IGhnH20N82dNxKnc8jDd,"Knee Deep (feat. Jimmy Buffett)","You Get What You Give","Zac Brown Band;Jimmy Buffett",2010-09-20,203173,75,false,vyrvddd99x5ejdq4b7ikuzgst,2023-12-29T17:45:34Z,"country,acoustic country","Home Grown Music",0.715,0.584,8,-8.231,1,0.0296,0.432,0.00000141,0.095,0.609,90.99,4
spotify:track:6FTKRyJAaU0CMZQQlxBjY2,"I Have Found Me a Home","Songs You Don't Know By Heart","Jimmy Buffett",2020-11-27,225271,27,false,vyrvddd99x5ejdq4b7ikuzgst,2023-12-29T17:46:08Z,"","Mailboat Records",0.543,0.608,2,-7.107,1,0.0265,0.47,0,0.121,0.425,74.498,4
spotify:track:6tTGz2AjpRBS9PcB47fWPM,"Lovely Cruise","Changes In Latitudes, Changes In Attitudes","Jimmy Buffett",1977-01-01,235773,41,false,vyrvddd99x5ejdq4b7ikuzgst,2023-12-29T17:46:19Z,"","Geffen*",0.683,0.244,0,-14.499,1,0.0269,0.684,0.157,0.116,0.639,89.348,4
spotify:track:6wuQNaKq4Q0A38MbJbXJtS,"The Captain And The Kid","Havana Daydreamin'","Jimmy Buffett",1976-01-01,198400,35,false,vyrvddd99x5ejdq4b7ikuzgst,2023-12-29T17:46:22Z,"","Geffen*",0.536,0.192,2,-18.575,1,0.0328,0.485,0.0349,0.0712,0.382,112.129,4
spotify:track:7G6l2FtQyRhQgYgut2I6i8,"As Good As I Once Was","Honkytonk University","Toby Keith",2005-01-01,227840,75,false,vyrvddd99x5ejdq4b7ikuzgst,2023-12-29T17:51:26Z,"country,classic country","DreamWorks Nashville",0.68,0.87,5,-4.461,1,0.0393,0.266,0,0.109,0.645,119.078,4
spotify:track:7J0vC86jXSmIXtiGcdiYir,"Woman Goin' Crazy on Caroline Street","Songs You Don't Know By Heart","Jimmy Buffett",2020-11-27,248648,24,false,vyrvddd99x5ejdq4b7ikuzgst,2023-12-29T17:52:57Z,"","Mailboat Records",0.625,0.447,7,-8.195,1,0.034,0.716,0,0.196,0.648,88.954,4
spotify:track:5BRIwCUqAB3qLH7lcz9oWO,"Cowboy in the Jungle","Songs You Don't Know By Heart","Jimmy Buffett",2020-11-27,313407,24,false,vyrvddd99x5ejdq4b7ikuzgst,2023-12-29T17:53:02Z,"","Mailboat Records",0.672,0.571,7,-8.553,1,0.0271,0.662,0.00000161,0.141,0.617,115.996,4
spotify:track:6yImFUgtilGT7bJxH64lCE,"The Night I Painted the Sky","Songs You Don't Know By Heart","Jimmy Buffett",2020-11-27,319440,23,false,vyrvddd99x5ejdq4b7ikuzgst,2023-12-29T17:53:06Z,"","Mailboat Records",0.551,0.319,4,-9.815,1,0.0266,0.721,0,0.125,0.255,96.519,3
spotify:track:6jEzAGGhaDOEeDXoJ7e8XK,"Love in the Library","Songs You Don't Know By Heart","Jimmy Buffett",2020-11-27,270154,32,false,vyrvddd99x5ejdq4b7ikuzgst,2023-12-29T17:53:09Z,"","Mailboat Records",0.588,0.445,9,-9.02,1,0.0267,0.852,0,0.106,0.525,143.969,4
spotify:track:6Fzp7dOhcSoOkGOLjPAgHV,"That's What Living Is To Me","Hot Water","Jimmy Buffett",1988-01-01,276200,28,false,vyrvddd99x5ejdq4b7ikuzgst,2023-12-29T17:53:16Z,"","Geffen*",0.673,0.204,7,-17.16,1,0.0413,0.742,0.0000276,0.0643,0.539,144.428,4
spotify:track:2YJacg5JOfhIYnGFrasMhF,"Distantly In Love","One Particular Harbor","Jimmy Buffett",1983,173266,27,false,vyrvddd99x5ejdq4b7ikuzgst,2023-12-29T17:53:18Z,"","Geffen*",0.596,0.215,2,-19.223,1,0.032,0.718,0,0.121,0.632,149.513,4
spotify:track:4QlrgE6Cyv2PDZLmFnOYH6,"They Don't Dance Like Carmen No More","A White Sport Coat And A Pink Crustacean","Jimmy Buffett",1973-01-01,177840,31,false,vyrvddd99x5ejdq4b7ikuzgst,2023-12-29T17:53:21Z,"","Geffen*",0.475,0.31,0,-13.951,1,0.0422,0.637,0,0.0939,0.384,171.37,3
spotify:track:6KYooUbSMoIeFD1pJUBRxJ,"Cuban Crime Of Passion","A White Sport Coat And A Pink Crustacean","Jimmy Buffett",1973-01-01,222506,35,false,vyrvddd99x5ejdq4b7ikuzgst,2023-12-29T17:53:24Z,"","Geffen*",0.639,0.678,2,-12.273,1,0.0602,0.393,0,0.0946,0.914,153.177,4
spotify:track:3ru3xghgXbHIVBViYv39FR,"Who's The Blonde Stranger?","Riddles In The Sand","Jimmy Buffett",1984,226866,30,false,vyrvddd99x5ejdq4b7ikuzgst,2023-12-29T17:53:26Z,"","Geffen*",0.761,0.341,7,-16.66,1,0.0345,0.214,0,0.0886,0.851,131.039,4
spotify:track:70AVg1yHqX139V8muLXQ7c,"Floridays","Floridays","Jimmy Buffett",1986-01-01,295800,36,false,vyrvddd99x5ejdq4b7ikuzgst,2023-12-29T17:53:29Z,"","Geffen*",0.561,0.398,7,-13.219,1,0.032,0.144,0,0.166,0.369,74.271,4
spotify:track:3yloHmYy0kU5nJ6rFwz6Qb,"Ringling, Ringling","Living And Dying In 3 / 4 Time","Jimmy Buffett",1974-01-01,156000,30,false,vyrvddd99x5ejdq4b7ikuzgst,2023-12-29T17:53:38Z,"","Geffen",0.573,0.487,9,-14.344,1,0.0333,0.473,0.000154,0.16,0.895,166.909,4
spotify:track:73YbiBH3oXQe1BBn62403u,"Biloxi","Changes In Latitudes, Changes In Attitudes","Jimmy Buffett",1977-01-01,340560,33,false,vyrvddd99x5ejdq4b7ikuzgst,2023-12-29T17:53:44Z,"","Geffen*",0.456,0.0567,2,-17.954,1,0.0297,0.822,0.00666,0.114,0.168,77.722,4
spotify:track:0FE8M3Cvhuz426f9EnIBBh,"Something So Feminine About A Mandolin","Havana Daydreamin'","Jimmy Buffett",1976-01-01,212866,28,false,vyrvddd99x5ejdq4b7ikuzgst,2023-12-29T17:53:46Z,"","Geffen*",0.445,0.188,4,-15.299,1,0.0285,0.79,0.00407,0.138,0.501,107.78,3
spotify:track:4UeuQKNDXKTVVmjk9quzJG,"Tonight I Just Need My Guitar","Far Side of the World","Jimmy Buffett",2002-03-19,171640,26,false,vyrvddd99x5ejdq4b7ikuzgst,2023-12-29T17:53:51Z,"","Mailboat Records",0.642,0.238,2,-15.281,1,0.0274,0.907,0.235,0.145,0.266,95.219,4
spotify:track:43KbMKOfeDmSY0J8pkzGPl,"A Pirate Looks at Forty - Live","Encores (Live)","Jimmy Buffett",2010-04-20,302080,19,false,vyrvddd99x5ejdq4b7ikuzgst,2023-12-29T17:53:57Z,"","Mailboat Records",0.644,0.368,7,-7.398,1,0.0288,0.882,0.0023,0.876,0.265,105.065,4
spotify:track:4Z0osYW0aCq44fS8iA3XZh,"False Echoes (Havana 1921)","Banana Wind","Jimmy Buffett",1996-01-01,955000,25,false,vyrvddd99x5ejdq4b7ikuzgst,2023-12-29T17:54:00Z,"","Geffen*",0.502,0.231,3,-14.689,1,0.0732,0.526,0,0.108,0.263,95.876,4
spotify:track:1Th6FeYQ809iFZUtcH06iE,"Stranded On A Sandbar","Volcano","Jimmy Buffett",1979-01-01,191466,28,false,vyrvddd99x5ejdq4b7ikuzgst,2023-12-29T17:54:04Z,"","Geffen*",0.419,0.282,0,-17.021,1,0.0343,0.109,0,0.0719,0.532,97.859,4
spotify:track:6Fakn1lZdoWfFQrX3otOLv,"Changing Channels","Off To See The Lizard","Jimmy Buffett;Elliot Scheiner",1989-01-01,211800,25,false,vyrvddd99x5ejdq4b7ikuzgst,2023-12-29T17:54:06Z,"","Geffen*",0.575,0.135,2,-19.967,1,0.0283,0.834,0.0000162,0.0991,0.376,107.868,4
spotify:track:1q1brUE0FX8tKSwNwjyb3Z,"Twelve Volt Man","One Particular Harbor","Jimmy Buffett",1983,240973,28,false,vyrvddd99x5ejdq4b7ikuzgst,2023-12-29T17:54:08Z,"","Geffen*",0.59,0.321,5,-16.946,1,0.0399,0.388,0,0.208,0.29,110.358,4
spotify:track:4HAYmqqpdsWFPYm5y6TPxW,"Smart Woman (In A Real Short Skirt)","Hot Water","Jimmy Buffett",1988-01-01,172333,23,false,vyrvddd99x5ejdq4b7ikuzgst,2023-12-29T17:54:14Z,"","Geffen*",0.735,0.275,7,-15.997,1,0.0397,0.424,0,0.094,0.657,142.881,3
spotify:track:30EnCVSpZPb3fPbBqVutgz,"Island","Coconut Telegraph","Jimmy Buffett",1981,239693,28,false,vyrvddd99x5ejdq4b7ikuzgst,2023-12-29T17:54:16Z,"","Geffen*",0.503,0.221,2,-16.637,1,0.0321,0.179,0,0.0771,0.459,137.764,4
spotify:track:6CwlNfV14oqfItmOGEO6r3,"Prince Of Tides","Hot Water","Jimmy Buffett",1988-01-01,334367,21,false,vyrvddd99x5ejdq4b7ikuzgst,2023-12-29T17:54:17Z,"","Geffen*",0.587,0.344,4,-15.6,1,0.0444,0.135,0,0.0692,0.587,126.518,4
spotify:track:7G9BVeh2Y884YWOYrIzXzj,"Gypsies In The Palace","Last Mango In Paris","Jimmy Buffett",1985-01-01,307226,27,false,vyrvddd99x5ejdq4b7ikuzgst,2023-12-29T17:54:20Z,"","Geffen*",0.573,0.404,7,-17.336,1,0.0609,0.205,0,0.26,0.909,174.591,4
spotify:track:5ZKPylaZ9jgoDKoYZqJ3RG,"Coconut Telegraph","Coconut Telegraph","Jimmy Buffett",1981,179666,41,false,vyrvddd99x5ejdq4b7ikuzgst,2023-12-29T17:54:22Z,"","Geffen*",0.591,0.591,4,-12.966,1,0.0605,0.21,0,0.156,0.936,157.047,4
spotify:track:7rOCVvKlBhDjnaXN5zwyH2,"Havana Daydreamin'","Havana Daydreamin'","Jimmy Buffett",1976-01-01,219706,49,false,vyrvddd99x5ejdq4b7ikuzgst,2023-12-29T17:54:25Z,"","Geffen*",0.632,0.363,9,-15.437,1,0.0334,0.729,0.00032,0.141,0.733,116.849,4
spotify:track:7eE5oo7V1Ld1LPLDCLbARW,"Knees Of My Heart","Riddles In The Sand","Jimmy Buffett",1984,163426,35,false,vyrvddd99x5ejdq4b7ikuzgst,2023-12-29T17:54:27Z,"","Geffen*",0.787,0.393,11,-16.355,1,0.0366,0.183,0.0000487,0.0409,0.96,91.249,4
spotify:track:02hUKU0Tx3424AyjPzlqze,"Lone Palm","Fruitcakes","Jimmy Buffett",1994-01-01,267866,30,false,vyrvddd99x5ejdq4b7ikuzgst,2023-12-29T17:54:29Z,"","Geffen*",0.737,0.376,11,-11.997,1,0.0322,0.485,0,0.158,0.532,114.661,4
spotify:track:14tOjPOpGoXrzsifljrhwm,"First Look","Floridays","Jimmy Buffett",1986-01-01,241533,26,false,vyrvddd99x5ejdq4b7ikuzgst,2023-12-29T17:54:31Z,"","Geffen*",0.888,0.497,11,-13.77,0,0.0424,0.323,0.0000106,0.0412,0.963,131.575,4
spotify:track:0WfDZMpAmzyF8oLaCQcow2,"Jolly Mon Sing","Last Mango In Paris","Jimmy Buffett",1985-01-01,197600,45,false,vyrvddd99x5ejdq4b7ikuzgst,2023-12-29T17:54:32Z,"","Geffen*",0.583,0.312,2,-17.047,1,0.0567,0.449,0,0.27,0.54,146.406,4
spotify:track:5oW67aA5ZHzVwmEaMkDueA,"Off To See The Lizard","Off To See The Lizard","Jimmy Buffett;Elliot Scheiner",1989-01-01,254466,30,false,vyrvddd99x5ejdq4b7ikuzgst,2023-12-29T17:54:35Z,"","Geffen*",0.747,0.522,7,-11.833,1,0.0372,0.0718,0.0000184,0.023,0.96,81.993,4
spotify:track:4IAkRsDolUHFCHHMYoG4CX,"Changes In Latitudes, Changes In Attitudes - Live (1978 Version)","You Had To Be There: Recorded Live","Jimmy Buffett;Elliot Scheiner",2011-01-01,208400,25,false,vyrvddd99x5ejdq4b7ikuzgst,2023-12-29T17:54:41Z,"","Geffen*",0.634,0.534,2,-15.7,1,0.0757,0.465,0,0.746,0.748,130.156,4
spotify:track:20ocA49EG0y55xz5HCbWxn,"Fins - Live/1990","Feeding Frenzy","Jimmy Buffett",1990-01-01,280682,21,false,vyrvddd99x5ejdq4b7ikuzgst,2023-12-29T17:54:44Z,"","Geffen*",0.399,0.942,4,-9.099,1,0.123,0.106,0.0000574,0.986,0.423,136.347,4
spotify:track:07wPpXiIAXzigiGea9Q0Xi,"Son of a Son of a Sailor - Live","Buffett Live: Tuesdays, Thursdays, Saturdays","Jimmy Buffett",1999-11-09,205893,24,false,vyrvddd99x5ejdq4b7ikuzgst,2023-12-29T17:54:46Z,"","Mailboat Records",0.615,0.635,7,-9.047,1,0.0588,0.597,0.00000122,0.895,0.499,121.633,4
spotify:track:7FKaPwiNxrNTpoxm157hob,"It's Five O'Clock Somewhere - Live","Live in Anguilla","Jimmy Buffett",2007-11-06,207826,18,false,vyrvddd99x5ejdq4b7ikuzgst,2023-12-29T17:54:52Z,"","Mailboat Records",0.557,0.905,2,-5.334,1,0.0409,0.535,0,0.989,0.875,130.54,4
spotify:track:5gGF6BWljzxvBmu6NZScxy,"Growing Older but Not Up - Live","Encores (Live)","Jimmy Buffett",2010-04-20,240626,18,false,vyrvddd99x5ejdq4b7ikuzgst,2023-12-29T17:54:55Z,"","Mailboat Records",0.584,0.718,4,-5.558,1,0.0575,0.862,0,0.487,0.707,119.338,4
spotify:track:18sRNVmfbL3FQ2id915HMH,"Changes in Latitudes, Changes in Attitudes - Live","Live in Anguilla","Jimmy Buffett",2007-11-06,215506,21,false,vyrvddd99x5ejdq4b7ikuzgst,2023-12-29T17:54:58Z,"","Mailboat Records",0.53,0.95,2,-5.614,1,0.132,0.536,0,0.672,0.633,131.567,4
spotify:track:63gzLvfmRSTbLBputPGcu0,"Southern Cross - Live","Live at Fenway Park","Jimmy Buffett",2005-11-15,298080,12,false,vyrvddd99x5ejdq4b7ikuzgst,2023-12-29T17:55:02Z,"","Mailboat Records",0.415,0.769,2,-10.43,1,0.0667,0.401,0.0229,0.684,0.704,172.839,4
spotify:track:3RwQywYN32GufuILqLiLIr,"Son of a Son of a Sailor - Live","Live in Anguilla","Jimmy Buffett",2007-11-06,200280,15,false,vyrvddd99x5ejdq4b7ikuzgst,2023-12-29T17:55:04Z,"","Mailboat Records",0.635,0.694,0,-7.421,1,0.0381,0.726,0,0.982,0.603,122.324,4
spotify:track:4Q8DZiTShqeVXTXD21yFXA,"One Particular Harbour - Live","Buffett Live: Tuesdays, Thursdays, Saturdays","Jimmy Buffett",1999-11-09,370760,26,false,vyrvddd99x5ejdq4b7ikuzgst,2023-12-29T17:55:09Z,"","Mailboat Records",0.559,0.85,4,-7.799,1,0.0365,0.217,0.00027,0.398,0.636,93.322,4
spotify:track:53bLGaCCQ74XUTgs1Yd36I,"Great Heart","Hot Water","Jimmy Buffett",1988-01-01,307266,23,false,vyrvddd99x5ejdq4b7ikuzgst,2023-12-29T17:55:12Z,"","Geffen*",0.79,0.502,9,-14.131,1,0.0439,0.0539,0.00015,0.057,0.95,121.868,4
spotify:track:6YdFbGDL5jAlGFDiCzPMhX,"Everybody's Got A Cousin In Miami","Fruitcakes","Jimmy Buffett",1994-01-01,439440,35,false,vyrvddd99x5ejdq4b7ikuzgst,2023-12-29T17:55:19Z,"","Geffen*",0.759,0.667,10,-8.904,1,0.117,0.484,0,0.108,0.913,142.001,4
spotify:track:6sWkF5F70HPHuSZKopBfoD,"Come Monday - Live","Live in Cincinnati, OH","Jimmy Buffett",2004-01-13,285333,12,false,vyrvddd99x5ejdq4b7ikuzgst,2023-12-29T17:55:24Z,"","Mailboat Records",0.525,0.798,9,-6.648,1,0.07,0.55,0,0.96,0.365,105.007,4
spotify:track:2iM0vP8rJsr8dcL9CuvotV,"Boat Drinks - Live","Volcano (Live 2011)","Jimmy Buffett",2011-09-06,216292,16,false,vyrvddd99x5ejdq4b7ikuzgst,2023-12-29T17:55:29Z,"","Mailboat Records",0.566,0.83,2,-6.345,1,0.0963,0.616,0,0.977,0.819,132.224,4
spotify:track:0010BnyFuw94XFautS2uJp,"La Vie Dansante - Live","Live at Wrigley Field","Jimmy Buffett",2006,198173,12,false,vyrvddd99x5ejdq4b7ikuzgst,2023-12-29T17:55:32Z,"","Mailboat Records",0.525,0.66,2,-10.475,1,0.0325,0.244,0,0.981,0.623,84.042,4
spotify:track:5kDNCrUPGgANZA85iH8pLi,"Grapefruit-Juicy Fruit - Live","Live in Anguilla","Jimmy Buffett",2007-11-06,175573,17,false,vyrvddd99x5ejdq4b7ikuzgst,2023-12-29T17:55:35Z,"","Mailboat Records",0.503,0.741,7,-6.211,1,0.0515,0.741,0.00000237,0.955,0.644,133.577,4
spotify:track:2uEe1rmTUaVBxzdR3aVYRx,"Chanson Pour Les Petits Enfants - Live","Volcano (Live 2011)","Jimmy Buffett",2011-09-06,256193,12,false,vyrvddd99x5ejdq4b7ikuzgst,2023-12-29T17:55:37Z,"","Mailboat Records",0.436,0.621,2,-7.841,1,0.0352,0.501,0,0.913,0.522,130.073,4
spotify:track:13WOa3lSAFgXhKfMfSgk78,"Coconut Telegraph - Live","Buffett Live: Tuesdays, Thursdays, Saturdays","Jimmy Buffett",1999-11-09,192773,23,false,vyrvddd99x5ejdq4b7ikuzgst,2023-12-29T17:55:39Z,"","Mailboat Records",0.553,0.818,4,-7.471,1,0.0777,0.249,0.000001,0.946,0.842,152.558,4
spotify:track:1md8aI1KaYSQDUJlGHIfez,"Pencil Thin Moustache - Live","Live at Fenway Park","Jimmy Buffett",2005-11-15,207133,11,false,vyrvddd99x5ejdq4b7ikuzgst,2023-12-29T17:55:41Z,"","Mailboat Records",0.509,0.71,0,-6.6,1,0.0411,0.79,0.00119,0.942,0.541,133.305,4
spotify:track:1adqG39zcJeXqG94VKi2D4,"One Particular Harbour","Live In Hawaii","Jimmy Buffett",2005-03-22,417066,12,false,vyrvddd99x5ejdq4b7ikuzgst,2023-12-29T17:55:44Z,"","Mailboat Records",0.616,0.762,4,-6.758,1,0.0526,0.624,0.00284,0.809,0.667,93.295,4
spotify:track:3lwtjXh1Cv5Jj7IMMfQpYB,"We Are the People Our Parents Warned Us About","Live In Hawaii","Jimmy Buffett",2005-03-22,337240,14,false,vyrvddd99x5ejdq4b7ikuzgst,2023-12-29T17:55:49Z,"","Mailboat Records",0.568,0.677,7,-7.662,1,0.14,0.577,0,0.927,0.718,137.111,4
spotify:track:6YjhHklpPHWpJGVCQQKCXs,"Cheeseburger in Paradise - Live","Live in Anguilla","Jimmy Buffett",2007-11-06,190666,18,false,vyrvddd99x5ejdq4b7ikuzgst,2023-12-29T17:55:52Z,"","Mailboat Records",0.606,0.953,2,-5.065,1,0.0701,0.404,0,0.95,0.845,136.097,4
spotify:track:0OlnoRYh6bR5BJavfKPKII,"Mexico - Live","Live in Las Vegas, NV","Jimmy Buffett",2003,243600,15,false,vyrvddd99x5ejdq4b7ikuzgst,2023-12-29T17:55:55Z,"","Mailboat Records",0.438,0.942,11,-5.1,1,0.054,0.363,0,0.803,0.691,128.493,4
spotify:track:0YLshByAexHCWQ0mSYCrfE,"One Particular Harbour - Live","Live in Anguilla","Jimmy Buffett",2007-11-06,367066,21,false,vyrvddd99x5ejdq4b7ikuzgst,2023-12-29T17:55:56Z,"","Mailboat Records",0.552,0.924,4,-5.632,1,0.0479,0.381,0.0000474,0.721,0.805,95.139,4
spotify:track:1Y7oxGFro3TUIRZHtcCtXD,"Fins - Live","Volcano (Live 2011)","Jimmy Buffett",2011-09-06,262989,17,false,vyrvddd99x5ejdq4b7ikuzgst,2023-12-29T17:55:57Z,"","Mailboat Records",0.572,0.888,1,-7.809,0,0.0911,0.0495,0.00000289,0.897,0.65,137.061,4
spotify:track:0pYVm67OYOzjOxZ4VQ1gKB,"A Pirate Looks At Forty / Redemption Song - Live","Live in Anguilla","Jimmy Buffett",2007-11-06,289906,20,false,vyrvddd99x5ejdq4b7ikuzgst,2023-12-29T17:56:00Z,"","Mailboat Records",0.561,0.508,7,-8.263,1,0.0264,0.812,0,0.98,0.459,111.984,4
spotify:track:1fJY4cx9lXwaFB5aPIkLS7,"Boat Drinks - Live","Live at Fenway Park","Jimmy Buffett",2005-11-15,257693,17,false,vyrvddd99x5ejdq4b7ikuzgst,2023-12-29T17:56:07Z,"","Mailboat Records",0.522,0.819,2,-8.904,1,0.153,0.64,0.00000863,0.965,0.738,133.136,4
spotify:track:3kawBgeEJMPI0aw7XH5lFA,"A Pirate Looks At 40 - Live/1990","Feeding Frenzy","Jimmy Buffett",1990-01-01,269212,28,false,vyrvddd99x5ejdq4b7ikuzgst,2023-12-29T17:56:14Z,"","Geffen*",0.571,0.373,7,-13.359,1,0.0287,0.765,0,0.984,0.398,105.194,4
spotify:track:0A8OXDcLHytptun6nLWqL1,"Breathe In, Breathe Out, Move On","Take the Weather with You","Jimmy Buffett",2006-10-10,197306,42,false,vyrvddd99x5ejdq4b7ikuzgst,2023-12-29T17:56:17Z,"","Mailboat Records",0.566,0.484,11,-6.815,1,0.0272,0.391,0.00000458,0.285,0.316,112.721,4
spotify:track:5CQLQZ41IVDntufcKEngeg,"Trip Around the Sun","License to Chill","Jimmy Buffett;Martina McBride",2004-07-13,199453,35,false,vyrvddd99x5ejdq4b7ikuzgst,2023-12-29T17:56:23Z,"country","Mailboat Records",0.625,0.764,4,-5.362,1,0.0268,0.124,0.000641,0.113,0.466,117.774,4
spotify:track:0vFgLKtj0VEKISuaqSsuWE,"Boats to Build","License to Chill","Jimmy Buffett;Alan Jackson",2004-07-13,174760,33,false,vyrvddd99x5ejdq4b7ikuzgst,2023-12-29T17:56:28Z,"country,country christian,classic country,traditional country","Mailboat Records",0.594,0.62,4,-6.374,1,0.0278,0.472,0.00106,0.305,0.596,116.754,4
spotify:track:4lAnmpu1xsfHjMrGcHwWMl,"Savannah Fare You Well","Far Side of the World","Jimmy Buffett",2002-03-19,268133,28,false,vyrvddd99x5ejdq4b7ikuzgst,2023-12-29T17:56:31Z,"","Mailboat Records",0.576,0.416,7,-8.864,1,0.0256,0.621,0.0261,0.0534,0.226,135.8,4
spotify:track:187WC4gYqSI06FdR26bRpZ,"Last Mango In Paris - Live/1990","Feeding Frenzy","Jimmy Buffett",1990-01-01,218685,30,false,vyrvddd99x5ejdq4b7ikuzgst,2023-12-29T17:56:36Z,"","Geffen*",0.462,0.697,4,-11.049,1,0.129,0.592,0,0.957,0.492,138.82,4
spotify:track:6oFb31dEUHD7pwWVT03F8I,"Trying to Reason With Hurricane Season - Live","Buffett Live: Tuesdays, Thursdays, Saturdays","Jimmy Buffett",1999-11-09,292866,24,false,vyrvddd99x5ejdq4b7ikuzgst,2023-12-29T17:56:38Z,"","Mailboat Records",0.517,0.355,2,-9.862,1,0.0275,0.707,0,0.966,0.25,108.996,4
spotify:track:00RhgYVH6DrHl0SuZWDp8W,"Brown Eyed Girl - Live","Buffett Live: Tuesdays, Thursdays, Saturdays","Jimmy Buffett",1999-11-09,340293,25,false,vyrvddd99x5ejdq4b7ikuzgst,2023-12-29T17:56:41Z,"","Mailboat Records",0.605,0.88,7,-7.603,1,0.0794,0.27,0.000629,0.709,0.723,138.966,4
spotify:track:1TWsiBt26JRNg7rMCnlvz3,"Jolly Mon","Live In Hawaii","Jimmy Buffett",2005-03-22,267933,11,false,vyrvddd99x5ejdq4b7ikuzgst,2023-12-29T17:56:46Z,"","Mailboat Records",0.556,0.518,2,-7.561,1,0.156,0.844,0.00000151,0.676,0.719,165.812,4
spotify:track:5X0e3h2nWNhwbk506Qngxp,"Trying to Reason with Hurricane Season - Live","Encores (Live)","Jimmy Buffett",2010-04-20,298306,16,false,vyrvddd99x5ejdq4b7ikuzgst,2023-12-29T17:56:52Z,"","Mailboat Records",0.576,0.652,2,-5.455,1,0.0329,0.819,0,0.347,0.27,115.968,4
spotify:track:26cB1GWUUCCNyQ5XoSXYQ9,"Chanson Pour Les Petits Enfants - Live","Live in Anguilla","Jimmy Buffett",2007-11-06,267106,13,false,vyrvddd99x5ejdq4b7ikuzgst,2023-12-29T17:56:53Z,"","Mailboat Records",0.617,0.338,2,-11.974,1,0.0763,0.918,0,0.152,0.678,141.561,4
spotify:track:3oufkSf67EXznnkVLUkcHf,"Nautical Wheelers - Live","Encores (Live)","Jimmy Buffett",2010-04-20,233720,17,false,vyrvddd99x5ejdq4b7ikuzgst,2023-12-29T17:56:56Z,"","Mailboat Records",0.329,0.466,7,-7.948,1,0.0335,0.903,0,0.994,0.476,166.868,3
spotify:track:05otqvwDvIbQBpTABYb4rr,"Coast of Marseilles - Live","Encores (Live)","Jimmy Buffett",2010-04-20,277786,13,false,vyrvddd99x5ejdq4b7ikuzgst,2023-12-29T17:56:58Z,"","Mailboat Records",0.421,0.328,9,-9.694,1,0.0308,0.863,0.0000153,0.845,0.196,142.511,4
spotify:track:3kPPNK0prUlIZYvLUCWzN1,"Last Mango in Paris - Live","Live at Wrigley Field","Jimmy Buffett",2006,230533,15,false,vyrvddd99x5ejdq4b7ikuzgst,2023-12-29T17:57:02Z,"","Mailboat Records",0.628,0.675,4,-7.09,1,0.0499,0.706,0,0.797,0.446,134.28,4
spotify:track:1RF3zmDW5GS8a2m9WJkKh5,"Banana Republics - Live","Live at Wrigley Field","Jimmy Buffett",2006,313373,15,false,vyrvddd99x5ejdq4b7ikuzgst,2023-12-29T17:57:04Z,"","Mailboat Records",0.642,0.486,7,-11.284,1,0.0303,0.653,0.00000191,0.931,0.369,110.179,4
spotify:track:6LtlWKT7lF8FmggHT2BvzD,"Son of a Son of a Sailor","Live In Hawaii","Jimmy Buffett",2005-03-22,198466,11,false,vyrvddd99x5ejdq4b7ikuzgst,2023-12-29T17:57:09Z,"","Mailboat Records",0.521,0.613,0,-6.534,1,0.043,0.679,0,0.754,0.584,127.733,4
spotify:track:7oacByItXHPyoCLrR5L12x,"Banana Republics - Live","Encores (Live)","Jimmy Buffett",2010-04-20,319440,16,false,vyrvddd99x5ejdq4b7ikuzgst,2023-12-29T17:57:14Z,"","Mailboat Records",0.614,0.49,7,-7.837,1,0.0307,0.862,0.0000205,0.984,0.495,111.067,4
spotify:track:11JdJ2raW76Z77pvsWBX1d,"Boats To Build","Cowboy Boots and Bathin' Suits","Jerry Jeff Walker",1998,223333,0,false,vyrvddd99x5ejdq4b7ikuzgst,2023-12-29T17:57:18Z,"texas country,outlaw country,red dirt,country rock,classic country,americana","Tried & True Music",0.81,0.443,0,-13.108,1,0.0315,0.508,0.00127,0.105,0.757,115.131,4
spotify:track:5CDqAqpcguRSY20BNKYQIi,"West Nashville Grand Ballroom Gown","Living And Dying In 3 / 4 Time","Jimmy Buffett",1974-01-01,160264,30,true,vyrvddd99x5ejdq4b7ikuzgst,2023-12-29T17:57:23Z,"","Geffen",0.51,0.17,0,-15.903,1,0.0307,0.52,0,0.122,0.567,150.111,3
spotify:track:2lPvlNUCSneFAu0JVpxxar,"Ballad Of Spider John","Living And Dying In 3 / 4 Time","Jimmy Buffett",1974-01-01,271106,30,false,vyrvddd99x5ejdq4b7ikuzgst,2023-12-29T17:57:28Z,"","Geffen",0.623,0.231,7,-17.408,1,0.0286,0.28,0,0.0769,0.278,123.329,4
spotify:track:4iy2yugLYf1xu3gjXfNvmt,"Peanut Butter Conspiracy","A White Sport Coat And A Pink Crustacean","Jimmy Buffett",1973-01-01,225666,30,false,vyrvddd99x5ejdq4b7ikuzgst,2023-12-29T17:57:29Z,"","Geffen*",0.643,0.624,0,-10.93,1,0.0464,0.104,0,0.0923,0.735,132.062,3
spotify:track:6V4khQNhY09jnXUodrIieH,"This Hotel Room","Havana Daydreamin'","Jimmy Buffett",1976-01-01,190866,27,false,vyrvddd99x5ejdq4b7ikuzgst,2023-12-29T17:57:36Z,"","Geffen*",0.606,0.497,0,-12.364,1,0.048,0.816,0.00027,0.109,0.85,136.164,4
spotify:track:1lQbOiBSDFMPP7aO11iScR,"Brahma Fear","Living And Dying In 3 / 4 Time","Jimmy Buffett",1974-01-01,250973,32,false,vyrvddd99x5ejdq4b7ikuzgst,2023-12-29T17:57:38Z,"","Geffen",0.617,0.339,7,-14.841,1,0.0276,0.553,0.00241,0.102,0.527,76.205,4
spotify:track:7scW0FrfKnnqvKDVA4B2P3,"Landfall - Live (1978 Version)","You Had To Be There: Recorded Live","Jimmy Buffett;Elliot Scheiner",2011-01-01,211960,21,false,vyrvddd99x5ejdq4b7ikuzgst,2023-12-29T17:57:44Z,"","Geffen*",0.561,0.857,7,-12.562,1,0.147,0.0195,0.0000309,0.964,0.783,136.924,4
spotify:track:6vDD4d2o7wBTcTnGO77DRA,"Miss You So Badly - Live (1978 Version)","You Had To Be There: Recorded Live","Jimmy Buffett;Elliot Scheiner",2011-01-01,258906,21,false,vyrvddd99x5ejdq4b7ikuzgst,2023-12-29T17:57:48Z,"","Geffen*",0.659,0.454,0,-16.175,1,0.0964,0.208,0.00000226,0.944,0.696,126.817,4
spotify:track:2PutOL1hCJjKyX5rd8ufux,"Come Monday - Live (1978 Version)","You Had To Be There: Recorded Live","Jimmy Buffett;Elliot Scheiner",2011-01-01,220840,21,false,vyrvddd99x5ejdq4b7ikuzgst,2023-12-29T17:57:54Z,"","Geffen*",0.575,0.34,9,-15.765,1,0.0898,0.607,0.00000107,0.97,0.451,106.174,4
spotify:track:4knKfxkzTjKGQ2CrkyDr1N,"It's My Job","Coconut Telegraph","Jimmy Buffett",1981,192906,30,false,vyrvddd99x5ejdq4b7ikuzgst,2023-12-29T17:57:56Z,"","Geffen*",0.632,0.349,5,-14.415,1,0.0332,0.507,0,0.126,0.556,127.962,4
spotify:track:5gfrbSdNnBQYYI9lsROWzs,"Come as You Are Beach Bar (Single Mix)","Come as You Are Beach Bar (Single Mix)","Keith Sykes",2016-03-11,239293,22,false,vyrvddd99x5ejdq4b7ikuzgst,2023-12-29T17:58:00Z,"","KSM Entertainment",0.692,0.88,7,-4.471,1,0.0276,0.0368,0,0.17,0.818,132.125,4
spotify:track:5TN2GIuBeEbMbb2zKtLO6u,"Woman Goin' Crazy On Caroline Street","Havana Daydreamin'","Jimmy Buffett",1976-01-01,250266,41,false,vyrvddd99x5ejdq4b7ikuzgst,2023-12-29T17:58:05Z,"","Geffen*",0.453,0.475,7,-12.868,1,0.0312,0.131,0.00191,0.219,0.594,74.053,4
spotify:track:6Eu5PFfVQD5TpeiuyP1FKF,"Blame It on New Orleans","Down by the River","Mac McAnally",2009-08-04,172280,19,false,vyrvddd99x5ejdq4b7ikuzgst,2023-12-29T17:58:11Z,"","Show Dog, LLC",0.635,0.688,7,-5.112,1,0.0618,0.567,0.0000167,0.128,0.673,131.569,4
spotify:track:4rIPFGV10rN1VXupWSDb3H,"Gringo In Belize","Cowboy Boots and Bathin' Suits","Jerry Jeff Walker",1998,222266,0,false,vyrvddd99x5ejdq4b7ikuzgst,2023-12-29T17:58:14Z,"texas country,outlaw country,red dirt,country rock,classic country,americana","Tried & True Music",0.707,0.525,10,-11.316,1,0.0296,0.6,0,0.148,0.809,98.636,4
spotify:track:6A358oMlRRUPjbDo89Jtys,"Down In Belize","Moon Child","Jerry Jeff Walker",2009-11-16,248960,0,false,vyrvddd99x5ejdq4b7ikuzgst,2023-12-29T17:58:17Z,"texas country,outlaw country,red dirt,country rock,classic country,americana","Tried & True Music",0.65,0.477,2,-8.539,1,0.0294,0.776,0.0000323,0.127,0.81,113.649,4
spotify:track:3AWC4ESAqa2SpfPb9L3NAD,"Cowboy Boots & Bathin' Suits","Cowboy Boots and Bathin' Suits","Jerry Jeff Walker",1998,258920,0,false,vyrvddd99x5ejdq4b7ikuzgst,2023-12-29T17:58:24Z,"texas country,outlaw country,red dirt,country rock,classic country,americana","Tried & True Music",0.508,0.236,7,-19.307,1,0.29,0.828,0.00000259,0.695,0.251,141.376,4
spotify:track:6MyrzSvNECDmWAZ6V64Vqk,"Sloop John B.","Cowboy Boots and Bathin' Suits","Jerry Jeff Walker",1998,253293,0,false,vyrvddd99x5ejdq4b7ikuzgst,2023-12-29T17:58:33Z,"texas country,outlaw country,red dirt,country rock,classic country,americana","Tried & True Music",0.555,0.292,2,-13.802,1,0.0427,0.59,0,0.108,0.625,206.328,4
spotify:track:0y3AD3X2gr7RvViE01x6HZ,"Brand New Country Star","Living And Dying In 3 / 4 Time","Jimmy Buffett",1974-01-01,166226,28,false,vyrvddd99x5ejdq4b7ikuzgst,2023-12-29T17:58:38Z,"","Geffen",0.758,0.345,7,-15.594,1,0.0366,0.726,0,0.229,0.725,120.002,4
spotify:track:2jvlNlKhjXMLwXIxTr6Smt,"Mr. Bojangles","Gypsy Songman: A Life In Song","Jerry Jeff Walker",2011-06-06,259173,5,false,vyrvddd99x5ejdq4b7ikuzgst,2023-12-29T17:58:39Z,"texas country,outlaw country,red dirt,country rock,classic country,americana","Tried & True Music",0.584,0.539,11,-6.574,0,0.1,0.237,0.0000116,0.0865,0.524,169.874,3
spotify:track:6OGY9o3lWdKFP349TM4NSO,"Death Of An Unpopular Poet","A White Sport Coat And A Pink Crustacean","Jimmy Buffett",1973-01-01,221733,32,false,vyrvddd99x5ejdq4b7ikuzgst,2023-12-29T17:58:44Z,"","Geffen*",0.581,0.217,7,-12.161,1,0.0265,0.609,0,0.0809,0.373,98.776,4
spotify:track:6EL6DUyFcaZAWC9TkiRC1H,"Son Of A Son Of A Sailor - Live (1978 Version)","You Had To Be There: Recorded Live","Jimmy Buffett;Elliot Scheiner",2011-01-01,260466,25,false,vyrvddd99x5ejdq4b7ikuzgst,2023-12-29T17:58:52Z,"","Geffen*",0.526,0.472,7,-15.74,1,0.0531,0.322,0,0.988,0.682,122.097,4
spotify:track:2dg91awvOKvlCynTRFUxRk,"God's Own Drunk","Living And Dying In 3 / 4 Time","Jimmy Buffett",1974-01-01,381960,29,false,vyrvddd99x5ejdq4b7ikuzgst,2023-12-29T17:58:55Z,"","Geffen",0.708,0.24,9,-18.458,1,0.256,0.586,0.0000404,0.111,0.356,111.133,4
spotify:track:06yjMhDsvcEPGosppTcxVq,"Why Don't We Get Drunk And Screw - Live (1978 Version)","You Had To Be There: Recorded Live","Jimmy Buffett;Elliot Scheiner",2011-01-01,381640,20,false,vyrvddd99x5ejdq4b7ikuzgst,2023-12-29T17:58:58Z,"","Geffen*",0.403,0.493,2,-17.549,1,0.551,0.639,0,0.998,0.241,121.659,4
spotify:track:0xeb2xg7ps9u1XXA2LUefg,"The Pascagoula Run - Live","Live at Wrigley Field","Jimmy Buffett",2006,275173,16,false,vyrvddd99x5ejdq4b7ikuzgst,2023-12-29T17:59:12Z,"","Mailboat Records",0.585,0.921,7,-7.975,1,0.349,0.33,0,0.971,0.416,97.095,4
spotify:track:3tXtwFWuH7DHvsSS89uWyi,"Come Monday - Live","Live in Anguilla","Jimmy Buffett",2007-11-06,205266,18,false,vyrvddd99x5ejdq4b7ikuzgst,2023-12-29T17:59:17Z,"","Mailboat Records",0.581,0.558,9,-7.329,1,0.0313,0.826,0,0.986,0.508,110.829,4
spotify:track:1IzvbAT2WxbjuwLEwgwmkg,"Stranded on a Sandbar - Live","Volcano (Live 2011)","Jimmy Buffett",2011-09-06,185179,11,false,vyrvddd99x5ejdq4b7ikuzgst,2023-12-29T17:59:20Z,"","Mailboat Records",0.539,0.601,7,-9.818,1,0.0388,0.476,0,0.891,0.435,113.205,4
spotify:track:4jE9Mwrkx3bTZoVwbR8Wbb,"In the Shelter - Live","Live in Las Vegas, NV","Jimmy Buffett",2003,357626,13,false,vyrvddd99x5ejdq4b7ikuzgst,2023-12-29T17:59:22Z,"","Mailboat Records",0.533,0.588,9,-12.532,1,0.239,0.512,0,0.681,0.602,138.909,4
spotify:track:7KavYfdthQOznueFCIWZRw,"The Great Filling Station Holdup - Live","Live at Fenway Park","Jimmy Buffett",2005-11-15,263986,15,false,vyrvddd99x5ejdq4b7ikuzgst,2023-12-29T17:59:25Z,"","Mailboat Records",0.496,0.64,2,-7.576,1,0.0322,0.779,0.0000117,0.925,0.557,92.954,4
spotify:track:1vEXG0A94zu5qX4Iw2PX7I,"Brown Eyed Girl - Live","Live in Anguilla","Jimmy Buffett",2007-11-06,317826,18,false,vyrvddd99x5ejdq4b7ikuzgst,2023-12-29T17:59:33Z,"","Mailboat Records",0.623,0.891,7,-6.036,1,0.0359,0.411,0.000134,0.986,0.887,134.034,4
spotify:track:5OcWXsTadtnLQGzWDNuIFz,"Beautiful Swimmers","Buffet Hotel","Jimmy Buffett",2009-12-08,321079,20,false,vyrvddd99x5ejdq4b7ikuzgst,2023-12-29T17:59:44Z,"","Mailboat Records",0.742,0.357,9,-11.447,0,0.0276,0.581,0.00043,0.0964,0.374,96.299,4
spotify:track:2RrEop2ZUwetU8c8Z9gAah,"Scarlet Begonias","License to Chill","Jimmy Buffett",2004-07-13,273160,30,false,vyrvddd99x5ejdq4b7ikuzgst,2023-12-29T17:59:53Z,"","Mailboat Records",0.597,0.877,4,-5.608,1,0.0395,0.0838,0.000103,0.306,0.893,88.068,4
spotify:track:6i5stu3H0nHekjp8bOhoeE,"Tin Cup Chalice","A-1-A","Jimmy Buffett",1974-01-01,221573,51,false,vyrvddd99x5ejdq4b7ikuzgst,2023-12-29T17:59:56Z,"","Geffen*",0.629,0.33,7,-13.713,1,0.0308,0.531,0.0000279,0.0801,0.501,144.122,4
spotify:track:7qrj2U6CzwaNZ9XodUpt0z,"A Lot To Drink About","Buffet Hotel","Jimmy Buffett",2009-12-08,208772,24,false,vyrvddd99x5ejdq4b7ikuzgst,2023-12-29T18:00:00Z,"","Mailboat Records",0.603,0.539,0,-7.421,1,0.0322,0.539,0,0.147,0.7,149.703,4
spotify:track:4fhffIaRPK9oJUJWcUWqTb,"California Promises","One Particular Harbor","Jimmy Buffett",1983,222666,23,false,vyrvddd99x5ejdq4b7ikuzgst,2023-12-29T18:00:05Z,"","Geffen*",0.65,0.103,11,-23.307,1,0.0296,0.786,0.196,0.181,0.287,105.381,4
spotify:track:7mh90dMCkr9VzosQyFwiPh,"Havana Daydreamin' - Live (1978 Version)","You Had To Be There: Recorded Live","Jimmy Buffett;Elliot Scheiner",2011-01-01,394293,23,false,vyrvddd99x5ejdq4b7ikuzgst,2023-12-29T18:00:09Z,"","Geffen*",0.555,0.302,9,-18.205,1,0.0866,0.724,0.0000188,0.963,0.498,105.373,4
spotify:track:1u5207wtMT8mOq3A64nsEb,"Mañana","Son Of A Son Of A Sailor","Jimmy Buffett",1978-01-01,256959,47,false,vyrvddd99x5ejdq4b7ikuzgst,2023-12-29T18:00:13Z,"","Geffen",0.696,0.486,2,-13.771,1,0.0322,0.45,0.00389,0.113,0.913,121.437,4
spotify:track:2uW7nww6rve0B4X5aRXKOA,"Lady I Can't Explain","Volcano","Jimmy Buffett",1979-01-01,164266,24,false,vyrvddd99x5ejdq4b7ikuzgst,2023-12-29T18:00:17Z,"","Geffen*",0.731,0.519,2,-14.987,1,0.0465,0.182,0.00000284,0.25,0.961,127.751,4
spotify:track:12DFVsi8uqpV2hwcjnSlDp,"Ragtop Day","Riddles In The Sand","Jimmy Buffett",1984,187466,24,false,vyrvddd99x5ejdq4b7ikuzgst,2023-12-29T18:00:28Z,"","Geffen*",0.835,0.434,9,-16.537,1,0.0467,0.0525,0.0000154,0.158,0.73,122.944,4
spotify:track:44UqG68nsYIsJGQQXybDN8,"One Particular Harbour","One Particular Harbor","Jimmy Buffett",1983,344506,50,false,vyrvddd99x5ejdq4b7ikuzgst,2023-12-29T18:00:31Z,"","Geffen*",0.526,0.46,4,-15.412,1,0.0462,0.222,0.0000596,0.0661,0.829,92.581,4
spotify:track:5cK0uoJyuGE7GhM3GJ07Pv,"Incommunicado","Coconut Telegraph","Jimmy Buffett",1981,223026,32,false,vyrvddd99x5ejdq4b7ikuzgst,2023-12-29T18:00:43Z,"","Geffen*",0.699,0.275,2,-14.59,1,0.0364,0.563,0,0.0935,0.562,113.371,4
spotify:track:1o3jJjzfLt8eW0UK4kvq5k,"Treat Her Like A Lady","Volcano","Jimmy Buffett",1979-01-01,260573,33,false,vyrvddd99x5ejdq4b7ikuzgst,2023-12-29T18:00:45Z,"","Geffen*",0.51,0.341,0,-13.985,1,0.0293,0.0409,0,0.0612,0.508,105.642,4
spotify:track:3CotETOWjTMwvnJr5em4xg,"Twelve Volt Man","Songs You Don't Know By Heart","Jimmy Buffett",2020-11-27,220304,24,false,vyrvddd99x5ejdq4b7ikuzgst,2023-12-29T18:00:51Z,"","Mailboat Records",0.658,0.481,5,-8.689,1,0.029,0.841,0,0.107,0.361,114.097,4
spotify:track:05HiBSFvUaYDAdN8DHPSUd,"Slack Tide","Life On the Flip Side","Jimmy Buffett",2020-05-29,256492,31,false,vyrvddd99x5ejdq4b7ikuzgst,2023-12-29T18:00:53Z,"","Mailboat Records",0.606,0.478,4,-8.173,1,0.0238,0.705,0.00000141,0.141,0.456,76.025,4
spotify:track:6ulalual4NlGO1i5gRZlZF,"Little Miss Magic","Songs You Don't Know By Heart","Jimmy Buffett",2020-11-27,241648,23,false,vyrvddd99x5ejdq4b7ikuzgst,2023-12-29T18:00:59Z,"","Mailboat Records",0.647,0.492,7,-8.754,1,0.0266,0.88,0,0.2,0.642,109.889,4
spotify:track:7dJ81CdYo5Qo597OcZ3s4u,"Delaney Talks to Statues","Songs You Don't Know By Heart","Jimmy Buffett",2020-11-27,199639,26,false,vyrvddd99x5ejdq4b7ikuzgst,2023-12-29T18:01:03Z,"","Mailboat Records",0.695,0.742,2,-7.963,1,0.0288,0.192,0,0.212,0.855,120.021,4
spotify:track:0cTgrfEIvIYXZPX2KVEhD6,"Live, Like It's Your Last Day","Life On the Flip Side","Jimmy Buffett",2020-05-29,237922,22,false,vyrvddd99x5ejdq4b7ikuzgst,2023-12-29T18:01:07Z,"","Mailboat Records",0.655,0.773,4,-6.949,0,0.0457,0.536,0.0000497,0.201,0.718,100.006,4
spotify:track:1TtyVbmspHF7rgHAvBoALk,"The Weather Is Here, Wish You Were Beautiful","Coconut Telegraph","Jimmy Buffett",1981,251293,45,false,vyrvddd99x5ejdq4b7ikuzgst,2023-12-29T18:01:22Z,"","Geffen*",0.741,0.557,7,-15.117,1,0.0348,0.162,0,0.332,0.966,133.214,4
spotify:track:4afAmFuF8Mr3XXIWztIvtx,"Uncle John's Band","Fruitcakes","Jimmy Buffett",1994-01-01,270173,42,false,vyrvddd99x5ejdq4b7ikuzgst,2023-12-29T18:01:26Z,"","Geffen*",0.826,0.605,7,-9.929,1,0.0352,0.115,0,0.111,0.797,127.986,4
spotify:track:1c4fikCcPBIKABDZ1di99V,"Wonder Why We Ever Go Home","Changes In Latitudes, Changes In Attitudes","Jimmy Buffett",1977-01-01,232160,37,false,vyrvddd99x5ejdq4b7ikuzgst,2023-12-29T18:01:30Z,"","Geffen*",0.314,0.139,7,-17.334,1,0.0397,0.473,0.00147,0.0929,0.196,199.63,4
spotify:track:23ZavKNBduDwOV0zCtxFsv,"Banana Republics","Changes In Latitudes, Changes In Attitudes","Jimmy Buffett",1977-01-01,311466,44,false,vyrvddd99x5ejdq4b7ikuzgst,2023-12-29T18:01:35Z,"","Geffen*",0.674,0.229,7,-16.463,1,0.0323,0.782,0.000139,0.113,0.633,108.211,4
spotify:track:4AXEoQ2gIKZ5hFN3nelxMB,"African Friend","Son Of A Son Of A Sailor","Jimmy Buffett",1978-01-01,244440,29,false,vyrvddd99x5ejdq4b7ikuzgst,2023-12-29T18:01:40Z,"","Geffen",0.545,0.0444,7,-20.072,1,0.0352,0.918,0.000187,0.0926,0.397,94.014,4
spotify:track:67ERt5NPlsmU8YEnrR9qmm,"Life Is Just A Tire Swing","A-1-A","Jimmy Buffett",1974-01-01,185400,42,false,vyrvddd99x5ejdq4b7ikuzgst,2023-12-29T18:01:45Z,"","Geffen*",0.539,0.487,11,-13.557,0,0.0377,0.445,0,0.0459,0.827,169.898,4
spotify:track:7ihdqAZ8qbaHFarbTXWQ1H,"Six String Music","Fruitcakes","Jimmy Buffett",1994-01-01,204693,28,false,vyrvddd99x5ejdq4b7ikuzgst,2023-12-29T18:01:48Z,"","Geffen*",0.703,0.543,2,-10.586,1,0.0308,0.364,0,0.28,0.696,131.954,4
spotify:track:43wFyoPJtW8dDQfclYMFU7,"Domino College - Live","Live in Anguilla","Jimmy Buffett",2007-11-06,249053,15,false,vyrvddd99x5ejdq4b7ikuzgst,2023-12-29T18:02:21Z,"","Mailboat Records",0.61,0.968,11,-6.076,0,0.0781,0.246,0.00000142,0.956,0.615,132.876,4
spotify:track:0URENlAE7QQr2QRN7xC7G9,"Waiting in Vain - Live","Live in Anguilla","Jimmy Buffett",2007-11-06,256720,18,false,vyrvddd99x5ejdq4b7ikuzgst,2023-12-29T18:02:33Z,"","Mailboat Records",0.651,0.724,9,-8.146,1,0.0445,0.474,0.00000211,0.931,0.823,85.817,4
spotify:track:4XqSs6TLYvYH11a7qwIYYS,"When Salome Plays the Drum - Live","Live in Anguilla","Jimmy Buffett",2007-11-06,192493,14,false,vyrvddd99x5ejdq4b7ikuzgst,2023-12-29T18:02:49Z,"","Mailboat Records",0.592,0.735,5,-7.662,1,0.0457,0.444,0.0000842,0.593,0.854,83.436,4
spotify:track:38nb1HW9E80UNC3Oehac1R,"Distantly in Love - Live","Live in Anguilla","Jimmy Buffett",2007-11-06,218706,14,false,vyrvddd99x5ejdq4b7ikuzgst,2023-12-29T18:02:54Z,"","Mailboat Records",0.372,0.535,2,-11.534,1,0.102,0.859,0,0.394,0.614,72.785,1
spotify:track:22UhbhABg2MzrhC5MpLRIk,"One Particular Harbour - Live","Live in Anguilla","Jimmy Buffett",2007-11-06,430626,13,false,vyrvddd99x5ejdq4b7ikuzgst,2023-12-29T18:02:58Z,"","Mailboat Records",0.426,0.716,4,-9.878,1,0.195,0.787,0.0000273,0.355,0.598,186.76,4
spotify:track:2JckVE9TgObEOLd4vj3e2y,"They Don't Dance like Carmen No More - Live","Live in Anguilla","Jimmy Buffett",2007-11-06,182306,14,false,vyrvddd99x5ejdq4b7ikuzgst,2023-12-29T18:03:11Z,"","Mailboat Records",0.705,0.577,0,-8.431,1,0.0421,0.731,0,0.97,0.529,97.271,4
spotify:track:7oFHeUJaK2wGEtCIisu978,"King of Somewhere Hot - Live","Live in Anguilla","Jimmy Buffett",2007-11-06,330840,16,false,vyrvddd99x5ejdq4b7ikuzgst,2023-12-29T18:03:22Z,"","Mailboat Records",0.555,0.774,2,-6.673,1,0.0766,0.825,0,0.952,0.732,87.276,4
spotify:track:2s0rlLSwHjnQ1N6w3z1JqI,"Treat Her like a Lady - Live","Live in Anguilla","Jimmy Buffett",2007-11-06,240413,13,false,vyrvddd99x5ejdq4b7ikuzgst,2023-12-29T18:03:45Z,"","Mailboat Records",0.458,0.836,0,-5.499,1,0.0319,0.505,0,0.69,0.738,118.901,4
spotify:track:11Y8nNkHHL4WWylNvWhBkE,"Weather With You - Live","Live in Anguilla","Jimmy Buffett",2007-11-06,228920,15,false,vyrvddd99x5ejdq4b7ikuzgst,2023-12-29T18:03:49Z,"","Mailboat Records",0.546,0.848,0,-6.329,1,0.0318,0.403,0.0000057,0.938,0.838,95.464,4
spotify:track:0sxsIbQA8iYhdJ7yppfqIZ,"Carnival World - Live","Live in Anguilla","Jimmy Buffett",2007-11-06,237400,14,false,vyrvddd99x5ejdq4b7ikuzgst,2023-12-29T18:03:50Z,"","Mailboat Records",0.594,0.826,7,-7.011,1,0.0328,0.349,0.00000937,0.95,0.659,102.18,4
spotify:track:2tz9usdJJsEJXTOGcbWuWe,"Autour Du Rocher - Live","Live in Anguilla","Jimmy Buffett",2007-11-06,384853,15,false,vyrvddd99x5ejdq4b7ikuzgst,2023-12-29T18:04:09Z,"","Mailboat Records",0.751,0.684,7,-9.674,1,0.116,0.304,0,0.883,0.731,100.018,4
spotify:track:3BaQKrCuQfAtoW7lPWAJGJ,"That's My Story and I'm Stickin' to It - Live","Live in Anguilla","Jimmy Buffett",2007-11-06,281013,12,false,vyrvddd99x5ejdq4b7ikuzgst,2023-12-29T18:04:18Z,"","Mailboat Records",0.673,0.911,2,-6.585,1,0.0518,0.599,0.00000372,0.972,0.832,126.496,4
spotify:track:4dUUp3Q9FBYYMgVbmZ7VZJ,"In My Room - Live","Live in Anguilla","Jimmy Buffett",2007-11-06,155733,13,false,vyrvddd99x5ejdq4b7ikuzgst,2023-12-29T18:04:30Z,"","Mailboat Records",0.454,0.362,7,-9.806,1,0.032,0.841,0.00000658,0.92,0.359,121.836,3
spotify:track:3L6LArhDTU9z5qE0vuaF7A,"That's What Living Is to Me - Live","Live in Anguilla","Jimmy Buffett",2007-11-06,248426,15,false,vyrvddd99x5ejdq4b7ikuzgst,2023-12-29T18:04:41Z,"","Mailboat Records",0.613,0.471,7,-10.869,1,0.0432,0.84,0,0.309,0.797,78.765,4
spotify:track:3GRKh2QxJK100Nw1znjrgs,"Fins - Live","Live in Anguilla","Jimmy Buffett",2007-11-06,266160,13,false,vyrvddd99x5ejdq4b7ikuzgst,2023-12-29T18:04:52Z,"","Mailboat Records",0.564,0.934,9,-5.828,1,0.0543,0.349,0,0.96,0.765,136.388,4
spotify:track:0Yi2q6vM3SqHCNpCE27VCu,"Southern Cross - Live","Live in Anguilla","Jimmy Buffett",2007-11-06,271360,19,false,vyrvddd99x5ejdq4b7ikuzgst,2023-12-29T18:04:58Z,"","Mailboat Records",0.43,0.8,2,-6.686,1,0.0341,0.385,0,0.91,0.866,173.361,4
spotify:track:1VVeJxrrMqI8xJ6gZJcvxY,"Margaritaville - Live","Live in Anguilla","Jimmy Buffett",2007-11-06,275760,19,false,vyrvddd99x5ejdq4b7ikuzgst,2023-12-29T18:05:07Z,"","Mailboat Records",0.618,0.904,2,-5.749,1,0.0355,0.533,0.00000237,0.668,0.809,126.159,4
spotify:track:1s70IfEUYM9G8DEDOOeH28,"Desperation Samba (Halloween in Tijuana) - Live","Live in Anguilla","Jimmy Buffett",2007-11-06,417773,14,false,vyrvddd99x5ejdq4b7ikuzgst,2023-12-29T18:05:18Z,"","Mailboat Records",0.466,0.752,9,-8.151,0,0.101,0.868,0.0000769,0.948,0.476,88.966,4
spotify:track:0u9GcJ6MycRWF8CWefEVHW,"Volcano - Live","Live in Anguilla","Jimmy Buffett",2007-11-06,223986,13,false,vyrvddd99x5ejdq4b7ikuzgst,2023-12-29T18:05:24Z,"","Mailboat Records",0.426,0.857,5,-6.344,1,0.173,0.691,0,0.693,0.885,82.056,4
spotify:track:4FNBDfaYtRyyzAHHoiYhGY,"Still in Paradise - Live","Live in Anguilla","Jimmy Buffett;Bankie Banx",2007-11-06,265266,17,false,vyrvddd99x5ejdq4b7ikuzgst,2023-12-29T18:05:45Z,"","Mailboat Records",0.442,0.871,2,-6.013,1,0.0452,0.589,0.00125,0.723,0.805,175.48,4
spotify:track:31uwo4HPkC0hy3PsDkef1s,"Growing Older But Not Up","Coconut Telegraph","Jimmy Buffett",1981,207666,37,false,vyrvddd99x5ejdq4b7ikuzgst,2023-12-29T18:27:30Z,"","Geffen*",0.753,0.39,4,-14.554,1,0.0364,0.635,0,0.0677,0.795,113.963,4
spotify:track:4o65T7ZysatRNZlTXaaEqW,"Tin Cup Chalice - Live","Buffett Live: Tuesdays, Thursdays, Saturdays","Jimmy Buffett",1999-11-09,204373,25,false,vyrvddd99x5ejdq4b7ikuzgst,2023-12-29T18:27:32Z,"","Mailboat Records",0.556,0.567,7,-8.597,1,0.0285,0.638,0,0.777,0.426,79.052,4
spotify:track:0ZbHYCcrA3IkLKFQJOWFJW,"Last Mango In Paris","Last Mango In Paris","Jimmy Buffett",1985-01-01,196293,46,false,vyrvddd99x5ejdq4b7ikuzgst,2023-12-29T18:27:38Z,"","Geffen*",0.72,0.312,4,-18.334,1,0.0366,0.429,0,0.196,0.622,137.704,4
spotify:track:5omEMx0Bie26DZN39Z6qbk,"Bubbles Up","Like My Dog / My Gummie Just Kicked In / Bubbles Up","Jimmy Buffett",2023-09-08,286669,44,false,vyrvddd99x5ejdq4b7ikuzgst,2023-12-29T18:28:37Z,"","Sun Records",0.539,0.358,2,-10.733,1,0.0289,0.778,0.00000487,0.132,0.38,118.939,3
spotify:track:0xtrJhGn9Q0KNFeSKn9SRy,"Dreamsicle","Volcano","Jimmy Buffett",1979-01-01,139893,29,false,vyrvddd99x5ejdq4b7ikuzgst,2023-12-29T18:49:49Z,"","Geffen*",0.616,0.191,7,-16.502,1,0.0349,0.129,0,0.105,0.324,80.604,4
spotify:track:1QLC4PFdXaoIV87N0ep3qq,"Presents To Send You","A-1-A","Jimmy Buffett",1974-01-01,163266,32,false,vyrvddd99x5ejdq4b7ikuzgst,2023-12-29T18:49:54Z,"","Geffen*",0.719,0.487,7,-13.262,1,0.0306,0.752,0,0.0801,0.871,124.875,4
spotify:track:2HfjlEo3dLjBeNczSGwDMX,"Tides","Songs from St. Somewhere","Jimmy Buffett",2013-08-20,252408,28,false,vyrvddd99x5ejdq4b7ikuzgst,2023-12-29T18:49:57Z,"","Mailboat Records",0.616,0.527,5,-7.179,1,0.0295,0.412,0.00000152,0.11,0.326,76.515,4
spotify:track:6TOQY40mnZWzhQhpGYI4WT,"Migration","A-1-A","Jimmy Buffett",1974-01-01,255506,44,false,vyrvddd99x5ejdq4b7ikuzgst,2023-12-29T18:50:03Z,"","Geffen*",0.704,0.504,0,-13.516,1,0.0299,0.489,0,0.0853,0.901,136.427,4
spotify:track:5IBamKd3oJAQV1yCSuONm1,"Nautical Wheelers","A-1-A","Jimmy Buffett",1974-01-01,217760,46,false,vyrvddd99x5ejdq4b7ikuzgst,2023-12-29T18:50:07Z,"","Geffen*",0.557,0.267,9,-15.416,1,0.0282,0.689,0,0.106,0.597,148.188,3
spotify:track:5LdWfPHfRxaAnayhqCnVFs,"Come Monday","Jake & Friends","Jake Shimabukuro;Jimmy Buffett",2021-11-12,218506,42,false,vyrvddd99x5ejdq4b7ikuzgst,2023-12-29T20:45:59Z,"","Music Theories Recordings",0.76,0.293,9,-11.72,1,0.0342,0.939,0.00000182,0.106,0.473,107.015,4
spotify:track:6Zh7D3YcrHNo9ukyrNhxTj,"Island Style","Jack Johnson & Friends: Best Of Kokua Festival, A Benefit For The Kokua Hawaii Foundation","John Cruz;Jack Johnson;Jackson Browne",2012-01-01,237000,51,false,vyrvddd99x5ejdq4b7ikuzgst,2023-12-29T20:52:02Z,"surf rock,yacht rock,soft rock,folk rock,singer-songwriter","Jack Johnson",0.474,0.434,11,-10.956,1,0.0313,0.65,0,0.83,0.364,137.3,4
spotify:track:2gLYOZVuyfmy3TS1ICVyaD,"Nobody Knows Me","Lyle Lovett And His Large Band","Lyle Lovett",1989-01-24,186173,35,false,vyrvddd99x5ejdq4b7ikuzgst,2023-12-29T20:56:06Z,"alt country,americana,outlaw country,folk","Curb Records",0.402,0.303,2,-9,1,0.027,0.627,0.0000952,0.179,0.274,92.271,4
spotify:track:3kjDI9GpW9DpD3oixUviV4,"A Pirate Looks At Forty","Jack Johnson & Friends: Best Of Kokua Festival, A Benefit For The Kokua Hawaii Foundation","Jack Johnson;Dave Matthews;Tim Reynolds",2012-01-01,232066,56,false,vyrvddd99x5ejdq4b7ikuzgst,2023-12-30T01:20:09Z,"surf rock,jam band","Jack Johnson",0.352,0.275,7,-14.341,1,0.0357,0.732,0.0000501,0.825,0.336,203.968,4
spotify:track:6R2XC9eyHvLvvrRUqXljKt,"Hele On To Kauai","E Ala E","Israel Kamakawiwo'ole",1995-03-14,146306,45,false,vyrvddd99x5ejdq4b7ikuzgst,2025-02-07T23:58:02Z,"","Big Boy Records",0.584,0.3,9,-12.154,1,0.0359,0.94,0.0000218,0.101,0.727,157.811,4
